triagem_id,paciente_id,data_coleta,pas,pad,glicemia,tipo_glicemia,imc,cintura,triglicerideos,hdl,score,risco,classificacao_pressorica,status_sindrome_metabolica,alerta_critico
1,TESTE_SQL_01,2026-09-03,145,92,92.00,JEJUM,24.49,90.00,320.00,35.00,3,alto,HIPERTENSAO_ESTAGIO_2,COMPATIVEL_COM_SINDROME_METABOLICA,f
2,TESTE_SQL_FLUXO_01,2026-09-03,145,92,92.00,JEJUM,24.49,90.00,120.00,50.00,1,baixo,HIPERTENSAO_ESTAGIO_2,NAO_IDENTIFICADA_NESTA_TRIAGEM,f
3,TESTE_SQL_FLUXO_01,2026-09-03,145,92,92.00,JEJUM,24.49,90.00,120.00,50.00,1,baixo,HIPERTENSAO_ESTAGIO_2,NAO_IDENTIFICADA_NESTA_TRIAGEM,f
4,TESTE_E2E_001,2026-09-14,200,130,320.00,JEJUM,31.14,110.00,220.00,35.00,5,alto,PRESSAO_MUITO_ELEVADA,COMPATIVEL_COM_SINDROME_METABOLICA,t
5,VIDEO_TESTE_CRITICO_001,2026-09-15,200,130,320.00,JEJUM,31.14,118.00,220.00,35.00,5,alto,PRESSAO_MUITO_ELEVADA,COMPATIVEL_COM_SINDROME_METABOLICA,t
6,VIDEO_TESTE_CRITICO_001,2026-09-15,200,130,320.00,JEJUM,31.14,118.00,220.00,35.00,5,alto,PRESSAO_MUITO_ELEVADA,COMPATIVEL_COM_SINDROME_METABOLICA,t
7,VIDEO_TESTE_CRITICO_002,2026-09-15,200,130,318.00,JEJUM,31.14,118.00,220.00,35.00,5,alto,PRESSAO_MUITO_ELEVADA,COMPATIVEL_COM_SINDROME_METABOLICA,t
8,VIDEO_TESTE_CRITICO_002,2026-09-15,200,130,318.00,JEJUM,31.14,118.00,220.00,35.00,5,alto,PRESSAO_MUITO_ELEVADA,COMPATIVEL_COM_SINDROME_METABOLICA,t
9,PRINT_CODE_001,2026-09-16,200,130,280.00,JEJUM,35.86,118.00,320.00,35.00,5,alto,PRESSAO_MUITO_ELEVADA,COMPATIVEL_COM_SINDROME_METABOLICA,t
